B827EBC6C890	AS-NHRI-001(2020)
B827EBAEB448	AS-NHRI-002(2020)
B827EB946FF3	AS-NHRI-003(2020)
B827EB7904D4	AS-NHRI-004(2020)
B827EB753DE6	AS-NHRI-005(2020)
B827EB1553BC	AS-NHRI-006(2020)
B827EB54E8AA	AS-NHRI-007(2020)
B827EBB09EEF	AS-NHRI-008(2020)
B827EBE08340	AS-NHRI-009(2020)
B827EBF819D5	AS-NHRI-010(2020)
B827EBBF3374	AS-NHRI-011(2020)
B827EBA93A78	AS-NHRI-012(2020)
B827EB872947	AS-NHRI-013(2020)
B827EB62E4A1	AS-NHRI-014(2020)
B827EB15B8EE	AS-NHRI-015(2020)
B827EB02E59E	AS-NHRI-016(2020)
B827EB1EAB70	AS-NHRI-017(2020)
B827EBB77CA0	AS-NHRI-018(2020)
B827EBB9430B	AS-NHRI-019(2020)
B827EBFCDAB8	AS-NHRI-020(2020)
B827EBAF4947	AS-NHRI-021(2020)
B827EB75F281	AS-NHRI-022(2020)
B827EB42D33C	AS-NHRI-023(2020)
B827EB2839CC	AS-NHRI-024(2020)
B827EB27258C	AS-NHRI-025(2020)
B827EBE36938	AS-NHRI-026(2020)
B827EBABB3CC	AS-NHRI-027(2020)
B827EB72CCC3	AS-NHRI-028(2020)
B827EB660CB3	AS-NHRI-029(2020)
B827EB24AF49	AS-NHRI-030(2020)
