B827EBC81DF3	Zuojhen-001
B827EB96C67B	Zuojhen-002
B827EBE0D5E1	Zuojhen-003
B827EBFFDB5A	Zuojhen-004
B827EBCDA199	Zuojhen-005
B827EB5C665E	Zuojhen-006
B827EB8E7DC3	Zuojhen-007
B827EB16BAEA	Zuojhen-008
B827EBBA048D	Zuojhen-009
B827EB4151A4	Zuojhen-010
B827EBEE321F	Zuojhen-011
B827EB076AE6	Zuojhen-012
B827EBB144DE	Zuojhen-013
B827EB0EE97F	Zuojhen-014
B827EB5D3BDA	Zuojhen-015
B827EBC152AC	Zuojhen-016
B827EBB5F57A	Zuojhen-017
B827EB824334	Zuojhen-018
B827EB52FDBC	Zuojhen-019
B827EBB576D8	Zuojhen-020
